[
  {
    "id": "9957fda1-e0f6-4b27-9864-e7e18931a01e",
    "data": [
      {
        "text": "fazer comprar",
        "userDefined": false
      }
    ],
    "isTemplate": false,
    "count": 0,
    "lang": "pt-br",
    "updated": 0
  },
  {
    "id": "074815f5-30a7-4a46-93e2-e5c7aabf0395",
    "data": [
      {
        "text": "quero comprar",
        "userDefined": false
      }
    ],
    "isTemplate": false,
    "count": 0,
    "lang": "pt-br",
    "updated": 0
  },
  {
    "id": "9ce86a2e-aeb9-4451-a2e9-8c3e87cf38b2",
    "data": [
      {
        "text": "1",
        "meta": "@sys.number",
        "alias": "number",
        "userDefined": false
      },
      {
        "text": " - Comprar",
        "userDefined": false
      }
    ],
    "isTemplate": false,
    "count": 0,
    "lang": "pt-br",
    "updated": 0
  },
  {
    "id": "694e5817-e245-412f-9604-637ba7b9352d",
    "data": [
      {
        "text": "Comprar",
        "userDefined": false
      }
    ],
    "isTemplate": false,
    "count": 0,
    "lang": "pt-br",
    "updated": 0
  },
  {
    "id": "437896a0-d2ce-4a87-a6ef-f293f610cde2",
    "data": [
      {
        "text": "Opção ",
        "userDefined": false
      },
      {
        "text": "1",
        "meta": "@sys.number",
        "alias": "number",
        "userDefined": false
      }
    ],
    "isTemplate": false,
    "count": 3,
    "lang": "pt-br",
    "updated": 0
  },
  {
    "id": "28bd3235-3860-4af4-be9c-1cac798b1cf1",
    "data": [
      {
        "text": "1",
        "meta": "@sys.number",
        "alias": "number",
        "userDefined": false
      }
    ],
    "isTemplate": false,
    "count": 0,
    "lang": "pt-br",
    "updated": 0
  }
]