[
  {
    "id": "2b673545-1e3e-4b7e-8750-58c7a7326be5",
    "data": [
      {
        "text": "ajuda1",
        "userDefined": false
      }
    ],
    "isTemplate": false,
    "count": 0,
    "lang": "pt-br",
    "updated": 0
  },
  {
    "id": "b3900775-a9ce-41ae-9222-ba8db3de45db",
    "data": [
      {
        "text": "dica1",
        "userDefined": false
      }
    ],
    "isTemplate": false,
    "count": 0,
    "lang": "pt-br",
    "updated": 0
  },
  {
    "id": "8f30953b-c4b8-41fa-bb1e-577995c8fd9d",
    "data": [
      {
        "text": "ajuda 1",
        "userDefined": false
      }
    ],
    "isTemplate": false,
    "count": 0,
    "lang": "pt-br",
    "updated": 0
  },
  {
    "id": "87159170-26fe-4bde-acaa-13d8f24f1a4d",
    "data": [
      {
        "text": "dica 1",
        "userDefined": false
      }
    ],
    "isTemplate": false,
    "count": 0,
    "lang": "pt-br",
    "updated": 0
  }
]