[
  {
    "id": "99176310-713f-4b04-8982-5252dc6d29a4",
    "data": [
      {
        "text": "ajudadois",
        "userDefined": false
      }
    ],
    "isTemplate": false,
    "count": 0,
    "lang": "pt-br",
    "updated": 0
  },
  {
    "id": "cc27275a-aef6-446e-9802-3251390723b4",
    "data": [
      {
        "text": "ajuda",
        "userDefined": false
      },
      {
        "text": "2",
        "meta": "@sys.number",
        "alias": "number",
        "userDefined": false
      }
    ],
    "isTemplate": false,
    "count": 0,
    "lang": "pt-br",
    "updated": 0
  },
  {
    "id": "f27a6d9d-f860-47b1-8810-2b35a70eb068",
    "data": [
      {
        "text": "dicadois",
        "userDefined": false
      }
    ],
    "isTemplate": false,
    "count": 0,
    "lang": "pt-br",
    "updated": 0
  },
  {
    "id": "f4d44466-0457-4579-98bb-adeff4412de7",
    "data": [
      {
        "text": "dica",
        "userDefined": false
      },
      {
        "text": "2",
        "meta": "@sys.number",
        "alias": "number",
        "userDefined": false
      }
    ],
    "isTemplate": false,
    "count": 0,
    "lang": "pt-br",
    "updated": 0
  },
  {
    "id": "af733259-cc5f-4ad3-80a6-3d7b45c06abe",
    "data": [
      {
        "text": "ajuda",
        "meta": "@sys.last-name",
        "alias": "last-name",
        "userDefined": false
      },
      {
        "text": " ",
        "userDefined": false
      },
      {
        "text": "dois",
        "meta": "@sys.date-time",
        "alias": "date-time",
        "userDefined": false
      }
    ],
    "isTemplate": false,
    "count": 0,
    "lang": "pt-br",
    "updated": 0
  },
  {
    "id": "cf749157-d65f-45f8-a9b2-e2a6f3ee5530",
    "data": [
      {
        "text": "ajuda",
        "meta": "@sys.last-name",
        "alias": "last-name",
        "userDefined": false
      },
      {
        "text": " ",
        "userDefined": false
      },
      {
        "text": "2",
        "meta": "@sys.number",
        "alias": "number",
        "userDefined": false
      }
    ],
    "isTemplate": false,
    "count": 0,
    "lang": "pt-br",
    "updated": 0
  },
  {
    "id": "71e29cd3-6320-44ea-ba21-ae336f3ceade",
    "data": [
      {
        "text": "dica ",
        "userDefined": false
      },
      {
        "text": "dois",
        "meta": "@sys.number",
        "alias": "number",
        "userDefined": false
      }
    ],
    "isTemplate": false,
    "count": 0,
    "lang": "pt-br",
    "updated": 0
  },
  {
    "id": "36031c9a-f616-437b-ae81-32e47cb43818",
    "data": [
      {
        "text": "dica ",
        "userDefined": false
      },
      {
        "text": "2",
        "meta": "@sys.number",
        "alias": "number",
        "userDefined": false
      }
    ],
    "isTemplate": false,
    "count": 0,
    "lang": "pt-br",
    "updated": 0
  }
]