[
  {
    "id": "c726587c-fd76-4845-9c9f-91531c5c6a7e",
    "data": [
      {
        "text": "2",
        "meta": "@sys.number",
        "alias": "number",
        "userDefined": false
      },
      {
        "text": " - enigma",
        "userDefined": false
      }
    ],
    "isTemplate": false,
    "count": 0,
    "lang": "pt-br",
    "updated": 0
  },
  {
    "id": "43de7316-9726-4056-96e9-0138a503a6fc",
    "data": [
      {
        "text": "participar do enigma",
        "userDefined": false
      }
    ],
    "isTemplate": false,
    "count": 0,
    "lang": "pt-br",
    "updated": 0
  },
  {
    "id": "fc9c5fc3-24e8-471e-ac51-4f9a7fbcd217",
    "data": [
      {
        "text": "fazer enigma",
        "userDefined": false
      }
    ],
    "isTemplate": false,
    "count": 0,
    "lang": "pt-br",
    "updated": 0
  },
  {
    "id": "a83bb9ee-38e6-4f13-9130-6cafc4819f83",
    "data": [
      {
        "text": "Enigma",
        "meta": "@sys.music-artist",
        "alias": "music-artist",
        "userDefined": false
      }
    ],
    "isTemplate": false,
    "count": 0,
    "lang": "pt-br",
    "updated": 0
  },
  {
    "id": "333fd8c0-d8fe-42aa-ab3f-8e72bd471033",
    "data": [
      {
        "text": "Opção ",
        "userDefined": false
      },
      {
        "text": "2",
        "meta": "@sys.number",
        "alias": "number",
        "userDefined": false
      }
    ],
    "isTemplate": false,
    "count": 0,
    "lang": "pt-br",
    "updated": 0
  },
  {
    "id": "3ff19d64-14d1-43ee-a132-e4978fdbe2e2",
    "data": [
      {
        "text": "2",
        "meta": "@sys.number",
        "alias": "number",
        "userDefined": false
      }
    ],
    "isTemplate": false,
    "count": 0,
    "lang": "pt-br",
    "updated": 0
  }
]