[
  {
    "id": "22e58a0e-dc1f-4124-aa23-3d412ead6706",
    "data": [
      {
        "text": "porco",
        "userDefined": false
      }
    ],
    "isTemplate": false,
    "count": 0,
    "lang": "pt-br",
    "updated": 0
  },
  {
    "id": "a4023396-39c5-4b51-a5d3-8ed67bfd44d8",
    "data": [
      {
        "text": "carne de porco",
        "userDefined": false
      }
    ],
    "isTemplate": false,
    "count": 0,
    "lang": "pt-br",
    "updated": 0
  },
  {
    "id": "9cff7e6d-340f-4346-9f66-54d47eb1498d",
    "data": [
      {
        "text": "carne de boi",
        "userDefined": false
      }
    ],
    "isTemplate": false,
    "count": 0,
    "lang": "pt-br",
    "updated": 0
  },
  {
    "id": "318a35d4-7dd2-49e6-a826-3b25888f7884",
    "data": [
      {
        "text": "boi",
        "userDefined": false
      }
    ],
    "isTemplate": false,
    "count": 0,
    "lang": "pt-br",
    "updated": 0
  },
  {
    "id": "2e5e828c-69f3-4d95-8182-ea894ea050f6",
    "data": [
      {
        "text": "carne",
        "userDefined": false
      }
    ],
    "isTemplate": false,
    "count": 0,
    "lang": "pt-br",
    "updated": 0
  },
  {
    "id": "6c544d52-c74a-42f4-8e98-80f01702e40d",
    "data": [
      {
        "text": "galinha",
        "userDefined": false
      }
    ],
    "isTemplate": false,
    "count": 0,
    "lang": "pt-br",
    "updated": 0
  },
  {
    "id": "f37d2fad-7f4f-4609-99d7-3625a62d1e22",
    "data": [
      {
        "text": "cocoricó",
        "userDefined": false
      }
    ],
    "isTemplate": false,
    "count": 0,
    "lang": "pt-br",
    "updated": 0
  },
  {
    "id": "ab433473-bbff-4617-9ed2-5cdc0319dcc0",
    "data": [
      {
        "text": "frango",
        "userDefined": false
      }
    ],
    "isTemplate": false,
    "count": 0,
    "lang": "pt-br",
    "updated": 0
  },
  {
    "id": "633572cb-0e61-4f72-8d45-39f0902ac694",
    "data": [
      {
        "text": "nao sei",
        "userDefined": false
      }
    ],
    "isTemplate": false,
    "count": 0,
    "lang": "pt-br",
    "updated": 0
  },
  {
    "id": "8827b35a-149e-4677-95b9-e568293c78f4",
    "data": [
      {
        "text": "sla",
        "userDefined": false
      }
    ],
    "isTemplate": false,
    "count": 0,
    "lang": "pt-br",
    "updated": 0
  },
  {
    "id": "65f69d20-4c32-4696-aefe-1b9dcd5f5a89",
    "data": [
      {
        "text": "não sei",
        "userDefined": false
      }
    ],
    "isTemplate": false,
    "count": 0,
    "lang": "pt-br",
    "updated": 0
  }
]