[
  {
    "id": "c3dd8b9e-5a94-4e74-b6c5-df02d239ad1c",
    "data": [
      {
        "text": "há quanto tempo",
        "userDefined": false
      }
    ],
    "isTemplate": false,
    "count": 0,
    "lang": "pt-br",
    "updated": 0
  },
  {
    "id": "0c2deaa0-d1b4-40fb-bcd2-9257616e7846",
    "data": [
      {
        "text": "olá",
        "userDefined": false
      }
    ],
    "isTemplate": false,
    "count": 0,
    "lang": "pt-br",
    "updated": 0
  },
  {
    "id": "01f3f110-655b-48fa-8603-9fb4405d85f3",
    "data": [
      {
        "text": "oi",
        "userDefined": false
      }
    ],
    "isTemplate": false,
    "count": 0,
    "lang": "pt-br",
    "updated": 0
  },
  {
    "id": "78e6abd8-9d45-4d04-80ee-91e9648c2cb0",
    "data": [
      {
        "text": "opa",
        "userDefined": false
      }
    ],
    "isTemplate": false,
    "count": 0,
    "lang": "pt-br",
    "updated": 0
  },
  {
    "id": "8d964c8b-b09c-4ec1-a208-a23a7c10d0c8",
    "data": [
      {
        "text": "fala aí",
        "userDefined": false
      }
    ],
    "isTemplate": false,
    "count": 0,
    "lang": "pt-br",
    "updated": 0
  },
  {
    "id": "30aca2ed-fd4e-4fdf-b8ac-222753e0f758",
    "data": [
      {
        "text": "fala",
        "userDefined": false
      }
    ],
    "isTemplate": false,
    "count": 0,
    "lang": "pt-br",
    "updated": 0
  },
  {
    "id": "a2bac287-a9fb-47a9-aa83-85a1bd547f17",
    "data": [
      {
        "text": "saudações",
        "userDefined": false
      }
    ],
    "isTemplate": false,
    "count": 0,
    "lang": "pt-br",
    "updated": 0
  },
  {
    "id": "e8ae64b7-9465-4c00-b9fd-6e7e0ba4b3a7",
    "data": [
      {
        "text": "oi tudo bem",
        "userDefined": false
      }
    ],
    "isTemplate": false,
    "count": 0,
    "lang": "pt-br",
    "updated": 0
  },
  {
    "id": "a1329da4-79f7-4c64-8a4f-023b856a8038",
    "data": [
      {
        "text": "e aí",
        "userDefined": false
      }
    ],
    "isTemplate": false,
    "count": 0,
    "lang": "pt-br",
    "updated": 0
  },
  {
    "id": "64841108-a6e4-4d4d-89a2-ebae12424470",
    "data": [
      {
        "text": "eae",
        "userDefined": false
      }
    ],
    "isTemplate": false,
    "count": 0,
    "lang": "pt-br",
    "updated": 0
  }
]